{
  "coc.preferences.formatOnSaveFiletypes": ["css", "markdown", "javascript", "graphql", "html", "yaml",  "json", "python", "cpp", "c"],

  // python config
  "python.linting.enabled": true,
  "python.linting.pylintEnabled": true,

  "snippets.ultisnips.directories":
  [
    "UltiSnips",
    "~/.config/nvim/utils/snips"
  ],

  // explorer
  "explorer.width": 30,
  "explorer.icon.enableNerdfont": true,
  "explorer.previewAction.onHover": false,
  "explorer.keyMappings.global": {
    "<cr>": ["expandable?", "expand", "open"],
    "v": "open:vsplit"
  }
}
